{
  "books": [
    {
      "id": "1",
      "title": "First Book",
      "description": "Our First Book is get added...!"
    },
    {
      "id": "1",
      "title": "First Book.",
      "description": "This is our First Book in ASP"
    },
    {
      "id": "1",
      "title": "first",
      "description": "this is my first book"
    },
    {
      "id": "1",
      "title": "Angular",
      "description": "This is Angular Book"
    },
    {
      "id": "1",
      "title": "fIRSTbOOK",
      "description": "tHIS S fIRSTvOOK"
    },
    {
      "id": "1",
      "title": "FFFFFFF",
      "description": "This is F Language"
    },
    {
      "id": "1",
      "title": "sdvsfdv",
      "description": "Added"
    },
    {
      "id": "1",
      "title": "First Book",
      "description": "Our First Book is get added...!!!!!!!!!!!!!!!!!!!!!"
    }
  ]
}